id,name,price,category_id,image_url,image_local
1,2 3/4 Kuruvi,10,1,https://rnikashcrackers.com/storage/Ue5nOPg8yRhoksYSh3cXxNsOGtLhDJ-metaYmlqXzAyM3EuanBn-.jpg,1_2_3_4_Kuruvi.jpg
2,"3 1/2"" Lakshmi",15,1,https://rnikashcrackers.com/storage/Z8RdKpjo0ejVkCrWxOfZu0cNXvcreT-metaS3BKZGJpUWcuanBlZw==-.jpg,2_3_1_2__Lakshmi.jpg
3,"4"" Lakshmi",30,1,https://rnikashcrackers.com/storage/WwD0mg0Pji9sJCYHbxfurh54ojtyMi-metadW5uYW1lZC5wbmc=-.png,3_4__Lakshmi.png
4,"4"" Gold Lakshmi",35,1,https://rnikashcrackers.com/storage/HSzkCLJkAbNtplerCl6kcVFS1vhPbb-metaZ29sZC1sYWtzaG1pLWVlNjI2ZTQyLTZlNjEtNDEyOC1iYTIwLTU1MjM0YTJjNjA0NC5qcGc=-.jpg,4_4__Gold_Lakshmi.jpg
5,"4 1/2"" Bahubali",45,1,https://rnikashcrackers.com/storage/kmMqevTWhw8HnhsuFAHkda5Gv8vCfD-metaNS1pbmNoLWJhaHViYWxpLTVwY3MtcG9ja2V0LS01MDB4NTAwLndlYnA=-.webp,5_4_1_2__Bahubali.webp
7,"5"" Jallikattu",60,1,https://rnikashcrackers.com/storage/3fpwZVe1q4go2MjRRRcqQbct21JPo5-metaMl8wMDIwX3N0b3JlY2FtZXJhX2t6azY1ZzhfbnVnZ2kxLmpwZw==-.jpg,7_5__Jallikattu.jpg
8,"6"" Lion King",80,1,https://rnikashcrackers.com/storage/aIDGIBQpSnNSWAbDG3v6NSZvzsSmQj-metaZG93bmxvYWQuanBn-.jpg,8_6__Lion_King.jpg
9,28 Chorsa,10,2,https://rnikashcrackers.com/storage/XzSn0B46aV4ZhSPaso3bqovz2HiryT-metaaW1hZ2VzLmpwZw==-.jpg,9_28_Chorsa.jpg
10,28 Giant,20,2,https://rnikashcrackers.com/storage/83ZAQYxtZOyNW846llf2oJBkBaczsF-metaMjgtUmVkZm9ydC1HaWFudC5wbmc=-.png,10_28_Giant.png
11,56 Giant,40,2,https://rnikashcrackers.com/storage/EXhENr6fvsi5akkB8cQym75lYp6QAe-metaZG93bmxvYWQgKDEpLmpwZw==-.jpg,11_56_Giant.jpg
12,24 DIx,30,3,https://rnikashcrackers.com/storage/PFJ335MQzHUDiFjuF6SoIGMAlfCZ5y-metaeTEud2VicA==-.webp,12_24_DIx.webp
14,50 Dlx,75,3,https://rnikashcrackers.com/storage/5NJabLU2c5dDgG7CfjxO6psoKDrBLm-metaNTBkZWx1eGUtY3JhY2tlcnMtZmlyZWNyYWNrZXItMzc3MjE3MDY2LXRxbHJsLmpwZw==-.jpg,14_50_Dlx.jpg
16,Flower Pots Small,60,4,https://rnikashcrackers.com/storage/OPUzW8BA9CHveHrQrayfxBdlJ6mdUd-metaV2hhdHNBcHAtSW1hZ2UtMjAyMi0wOS0yMi1hdC0zLjM3LjU3LVBNLTEuanBlZw==-.jpg,16_Flower_Pots_Small.jpg
17,Flower Pots Big,70,4,https://rnikashcrackers.com/storage/XcFUTT5zCDveepdt5KGK4hUeaacAAa-metaYmlnLWNvbmljYWwtZmxvd2VyLXBvdC1jcmFja2VyLTkxNy5qcGc=-.jpg,17_Flower_Pots_Big.jpg
18,Flower Pots Special,80,4,https://rnikashcrackers.com/storage/eg2q7S5Jfz5DfBXCyDRoDhbb8W8HSc-metaZmxvd2VyLXBvdHMtc3BlY2lhbC5qcGVn-.jpg,18_Flower_Pots_Special.jpg
19,Flower Pots Asoka,120,4,https://rnikashcrackers.com/storage/wj20oo9HgHo0OqkIuZup4NhsQWs5uB-metaU3Vuc2hpbmUtRmxvd2VyLVBvdHMtQXNva2EtMTAtUGNzLmpwZw==-.jpg,19_Flower_Pots_Asoka.jpg
20,Colour Kotti,200,4,https://rnikashcrackers.com/storage/VGzYohy4a7lbfYWzZ27C5LIJx8rQrN-metaU3Vuc2hpbmUtRmxvd2VyLVBvdHMtQ29sb3Jrb3R0aS1HaWFudC0xMC1QY3MuanBn-.jpg,20_Colour_Kotti.jpg
21,Chakkar Big (10 pcs),40,5,https://rnikashcrackers.com/storage/iI0OuU0MkUmF3dG5xUrUDU0L9kPt1h-metaMWMzZTE4MTI1ZTk4NjgxZDhjNGNjODQwOGJjZjk1MjAuanBn-.jpg,21_Chakkar_Big__10_pcs.jpg
22,Chakkar Special,95,5,https://rnikashcrackers.com/storage/CKA3yYD1dOFgJbLeHk5mGgwCnyGe3V-metaZG93bmxvYWQgKDIpLmpwZw==-.jpg,22_Chakkar_Special.jpg
23,Chakkar Dlx,150,5,https://rnikashcrackers.com/storage/7kTlxr3cxXC1KuqZmXCZlFMIaXCFo4-metaU3Vuc2hpbmUtR3JvdW5kLUNoYWtrYXItRGVsdXhlLTEwLVBjcy5qcGc=-.jpg,23_Chakkar_Dlx.jpg
27,Red Bijili,30,6,https://rnikashcrackers.com/storage/rwCbuykST4HaO4z6h6Lc6lonpVkWJ6-metaZG93bmxvYWQuanBn-.jpg,27_Red_Bijili.jpg
28,Striped Bijili,35,6,https://rnikashcrackers.com/storage/rqDZGyY0dpbeHrjT9gzAXaPfO2mUo6-metaYmlqaWxpc3RyaXAxMDAucG5n-.png,28_Striped_Bijili.png
29,Gold Bijili,40,6,https://rnikashcrackers.com/storage/GBZbmVk3KUVvmi0Kw6vd3n6sErnGJ3-metaOWQ0OGJhMWIuanBn-.jpg,29_Gold_Bijili.jpg
31,Colour Rocket,55,7,https://rnikashcrackers.com/storage/Euj7qrXaAkj48cLaWUTZKA1H8S6lt7-metaY29sb3VyLXJvY2tldC5qcGc=-.jpg,31_Colour_Rocket.jpg
32,Rocket Bombs,80,7,https://rnikashcrackers.com/storage/hy6xSMrUmW6ijKzeQ9vP9yBsGqIErX-metacm9ja2V0LWJvbWItY29ybmF0aW9uLmpwZw==-.jpg,32_Rocket_Bombs.jpg
33,Lunic Rocket,150,7,https://rnikashcrackers.com/storage/cgInmtw8QiDEVd8NroJyfwGM2LxPbo-metaU3Vuc2hpbmUtTHVuaWstUm9ja2V0LTEwLVBjcy5qcGc=-.jpg,33_Lunic_Rocket.jpg
35,2 Sound Rocket,160,7,https://rnikashcrackers.com/storage/t86r8SUuC4xAxX7DKZB20BXqflyofn-metaMi1zb3VuZC1maXJld29yay1yb2NrZXQuanBn-.jpg,35_2_Sound_Rocket.jpg
37,"1 1/2"" Twinkling Star Small",30,8,https://rnikashcrackers.com/storage/uZCqzwA5901XKVoEeVYyqQ1yJESGSG-metaZG93bmxvYWQgKDMpLmpwZw==-.jpg,37_1_1_2__Twinkling_Star_Small.jpg
38,"4"" Twinkling Star Dlx",60,8,https://rnikashcrackers.com/storage/CESh7epA2RTfRmgYo8wugKDDYRFeaK-metac2lsdmVyLXR3aW5rbGluZ3MtZGVsdXhlLTEyMGNtLTQtMTAtcGNzLS5wbmc=-.png,38_4__Twinkling_Star_Dlx.png
40,Classic  bomb,130,9,https://rnikashcrackers.com/storage/BtfdsmPeWYLFKXod57gOFaPNAh9CdJ-metaQ0hBLTAxMi5qcGc=-.jpg,40_Classic__bomb.jpg
43,Mercury Tourch,55,10,https://rnikashcrackers.com/storage/jnglmivhyvmUbXon4EsplcEd7EDF24-metaM1RXUlBlMnUud2VicA==-.webp,43_Mercury_Tourch.webp
45,Super DLX Matches,80,11,https://rnikashcrackers.com/storage/fDO5c7CypUh4X3LdJg6nCRIrchCL9a-metaY2hhbXBpb24tZGVsdXhlLWNvbG9yLW1hdGNoZXMtNTU5LmpwZw==-.jpg,45_Super_DLX_Matches.jpg
47,100 Wala,30,12,https://rnikashcrackers.com/storage/yupwwBXDxt97waO8istVUI79HeOUHB-metab291RThrRjhFcm5wbU1LWlMxMFNrSnZKUHVrMHRSLW1ldGFVMk55WldWdWMyaHZkRjh5TURJek1EUXdNbDh5TWpFd05ESXRNREV0TURVdWFuQmxadz09LS5qcGc=-.jpg,47_100_Wala.jpg
51,1000 Wala,120,12,https://rnikashcrackers.com/storage/iPKTDDDzsU95RdUdqd0Ph1HW9JHVGG-metaNENtZTM0Y0IzZ0YxbGpjNzhUeEMwaUVwZWhnb01zLW1ldGFhVzFoWjJWeklDMGdNakF5TXkwd055MHlORlF4TXpBMU1ERXVNakkyTG1wd1pXYz0tLmpwZw==-.jpg,51_1000_Wala.jpg
52,2000 Wala,240,12,https://rnikashcrackers.com/storage/grTNl79mNFt5C8xn5ROcCXuCggh274-metaazFaMjdUV205ZW1wZXlYTnFBWlNKZlN6WnB4Yzd2LW1ldGFhVzFoWjJWeklDMGdNakF5TXkwd055MHlORlF4TXpBME5ETXVPVEV5TG1wd1pXYz0tLmpwZw==-.jpg,52_2000_Wala.jpg
53,5000 Wala,600,12,https://rnikashcrackers.com/storage/I7DoDzEpsH2MwslaAZSlR1YLNfSVhJ-metaRE5UV3hNRjZ6a2VqVlNRWTk2V3NPcWt3RFhwTG5xLW1ldGFOVEF3TUMxM1lXeGhMV2RoY214aGJtUXRZM0poWTJ0bGNuTXROVEF3ZURVd01DNXFjR1ZuLS5qcGc=-.jpg,53_5000_Wala.jpg
54,10000 Wala,1200,12,https://rnikashcrackers.com/storage/UNvT75eHjtPf6du5XhLRXUTyeXFCAP-metad3dxWVVjTklJTFJBNHhQS3NnZzBNTkthZ1pHZGd3LW1ldGFhVzFoWjJWeklDMGdNakF5TXkwd055MHlORlF4TXpBNU5ETXVPVEU1TG1wd1pXYz0tLmpwZw==-.jpg,54_10000_Wala.jpg
55,Electric Stone,15,13,https://rnikashcrackers.com/storage/tISBj4lSNxhBlsb9UBUjTZ0WRQAfhW-metaZG93bmxvYWQgKDQpLmpwZw==-.jpg,55_Electric_Stone.jpg
56,Cortoon,15,13,https://rnikashcrackers.com/storage/4B5pzdUlSee7ATmq7A6KaCdzO0gFB7-metaVW50aXRsZWQgZGVzaWduICg3OCkucG5n-.png,56_Cortoon.png
58,Serpent,50,13,https://rnikashcrackers.com/storage/morXc9UawSBvZ8hs6DQaKPC3s1X9Lz-metaMi1WaW50YWdlLUNvYnJhLUZpcmV3b3Jrcy1MYWJlbHMtRmlyZWNyYWNrZXJzLVdyYXBwZXJzLndlYnA=-.webp,58_Serpent.webp
59,Adiyal (1/4 Kg),50,14,https://rnikashcrackers.com/storage/XAYm9lSZmgn32hlkws8Hx6l2cyTtm3-metadGc4VlBmdHhCVm5pOTV0NGtvZ1BTS2RweWNNMThzLW1ldGFObDlWTFRFMU1DNXFjR2M9LS5qcGc=-.jpg,59_Adiyal__1_4_Kg.jpg
60,Adiyal (1/2 Kg),100,14,https://rnikashcrackers.com/storage/5G9M1zLMQJvZrRZTIDN9vdeyVJqCUf-metadGc4VlBmdHhCVm5pOTV0NGtvZ1BTS2RweWNNMThzLW1ldGFObDlWTFRFMU1DNXFjR2M9LS5qcGc=-.jpg,60_Adiyal__1_2_Kg.jpg
61,Adiyal Heavy (1 Kg),200,14,https://rnikashcrackers.com/storage/SATx64LHd8HmDXItK2OGJfuwjhBQYV-metadGc4VlBmdHhCVm5pOTV0NGtvZ1BTS2RweWNNMThzLW1ldGFObDlWTFRFMU1DNXFjR2M9LS5qcGc=-.jpg,61_Adiyal_Heavy__1_Kg.jpg
63,DANCING PEACOCK(3 IN 1),200,15,https://rnikashcrackers.com/storage/Nub4b1H7uRoGmDL5Gvch36rwn6988U-metaZ2xpdHRlcmluZy1wZWFjb2NrLTUwMHg1MDAud2VicA==-.webp,63_DANCING_PEACOCK_3_IN_1.webp
64,Photo Flash,80,15,https://rnikashcrackers.com/storage/EvmJytoSBcDDy8lL769ZSTYhPRIx5y-metaZG93bmxvYWQgKDUpLmpwZw==-.jpg,64_Photo_Flash.jpg
101,"2"" Pipe Combopack (3 Pcs)",250,16,https://rnikashcrackers.com/storage/up6MvcYZUCMmWbWnLbi0kGv7pRquMd-metaZG93bmxvYWQgKDEzKS5qcGc=-.jpg,101_2__Pipe_Combopack__3_Pcs.jpg
111,"2"" SINGLE FANCY",80,16,https://rnikashcrackers.com/storage/FRGLZPnvOtIo1YzWFYQDIm0zCJQNjS-metaZG93bmxvYWQgKDEwKS5qcGc=-.jpg,111_2__SINGLE_FANCY.jpg
124,12 Shot Raider,160,17,https://rnikashcrackers.com/storage/ErGxLAQ7movm7AJqRwdXN9EK7qfrac-metaMTItc2hvdHMtcmlkZXItMXBjZS1ib3gtLTUwMHg1MDAud2VicA==-.webp,124_12_Shot_Raider.webp
125,7 Cm Electric Sparkle,10,18,https://rnikashcrackers.com/storage/nKrsyaH5OaAdWu4A8oxIa39OIGTz9D-metaYmlqXzAxMS5qcGc=-.jpg,125_7_Cm_Electric_Sparkle.jpg
126,7 Cm Color Sparkle,12,18,https://rnikashcrackers.com/storage/9Y7bETf1tZzyhDQpvecBvvUoOZ8IqR-metaYmlqXzAxMS5qcGc=-.jpg,126_7_Cm_Color_Sparkle.jpg
127,7 Cm Green Sparkle,14,18,https://rnikashcrackers.com/storage/DPrY5fX3gMTm3p2rtTRFZMwG9SzvyA-metaYmlqXzAxMS5qcGc=-.jpg,127_7_Cm_Green_Sparkle.jpg
128,10 Cm Electric Sparkle,22,18,https://rnikashcrackers.com/storage/04ISHaDljJaulzBefigMXo38XITTQ2-metaYmlqXzAwNXEuanBn-.jpg,128_10_Cm_Electric_Sparkle.jpg
129,10 Cm Color Sparkle,25,18,https://rnikashcrackers.com/storage/kh1gRB6q7FW48vwdpYfkHpcOKORDLX-metaYmlqXzAwNXEuanBn-.jpg,129_10_Cm_Color_Sparkle.jpg
130,10 Cm Green Sparkle,26,18,https://rnikashcrackers.com/storage/dckNG3jyfFuQ9wMCsfCoXPcKX7yySQ-metaYmlqXzAwNXEuanBn-.jpg,130_10_Cm_Green_Sparkle.jpg
131,15 Cm Electric Sparkle,43,18,https://rnikashcrackers.com/storage/KL1MprriL94AatlduaULnEhHdW3PMt-metaYmlqXzAxMXEuanBn-.jpg,131_15_Cm_Electric_Sparkle.jpg
132,15 Cm Colour Sparkle,45,18,https://rnikashcrackers.com/storage/I1MmkoQp634JWIOBIinolY2nQYg1yA-metaYmlqXzAxMXEuanBn-.jpg,132_15_Cm_Colour_Sparkle.jpg
133,15 Cm Green Sparkle,47,18,https://rnikashcrackers.com/storage/anASSreud3NOAGAKfaYO3b4SxiHmwN-metaYmlqXzAxMXEuanBn-.jpg,133_15_Cm_Green_Sparkle.jpg
134,15 Cm Red Sparkle,50,18,https://rnikashcrackers.com/storage/gEImTkGev3Vqe1udTtbgofjGXaQzxt-metaYmlqXzAxMXEuanBn-.jpg,134_15_Cm_Red_Sparkle.jpg
135,30 Cm Electric Sparkle,43,18,https://rnikashcrackers.com/storage/O0KKyZuaSaKqyAw4f5lmFG7gnzg4ib-metaMTBDTSBFTEVDVFJJQyBTUEFSS0xFUy5qcGc=-.jpg,135_30_Cm_Electric_Sparkle.jpg
136,30 Cm Colour Sparkle,45,18,https://rnikashcrackers.com/storage/iHMZhnbZgm8Gv51UgP7gnnnpoep1Tu-metaMTBDTSBFTEVDVFJJQyBTUEFSS0xFUy5qcGc=-.jpg,136_30_Cm_Colour_Sparkle.jpg
137,30 Cm Green Sparkle,47,18,https://rnikashcrackers.com/storage/VEK1byWqCnNbVa73JuQmoan1nU9FdJ-metaMTBDTSBFTEVDVFJJQyBTUEFSS0xFUy5qcGc=-.jpg,137_30_Cm_Green_Sparkle.jpg
138,30 Cm Red Sparkle,50,18,https://rnikashcrackers.com/storage/tXSMAWnYKDggL45OAqHUFGm6amSh5s-metaMTBDTSBFTEVDVFJJQyBTUEFSS0xFUy5qcGc=-.jpg,138_30_Cm_Red_Sparkle.jpg
139,50 Cm Electric Sparkle,240,18,https://rnikashcrackers.com/storage/b9RoJwCLZudqbcup9zcvEUCASlGh2w-metaNTBjbS1jcmFja2xpbmctNXBjcy1waXBlLS5qcGc=-.jpg,139_50_Cm_Electric_Sparkle.jpg
140,50 Cm Colour Sparkle,270,18,https://rnikashcrackers.com/storage/YdslwiTmFRhicKeAjEnJI3yjr1xI5q-metaNTBjbS1jcmFja2xpbmctNXBjcy1waXBlLS5qcGc=-.jpg,140_50_Cm_Colour_Sparkle.jpg
141,21 ITEM,250,19,https://rnikashcrackers.com/storage/GWcRXwcy8s4cepm11pIpqpDtapHbIV-metaQVR1bmVETjVDV1BYenBxU0pVdTU1RlRDWEhIU2xDLW1ldGFURFF1VUU1SC0ucG5n-.png,141_21_ITEM.png
142,31 ITEM,400,19,https://rnikashcrackers.com/storage/ViAjMcneoCqYeoGUBKRHE5Iyx4vtiq-metaQVR1bmVETjVDV1BYenBxU0pVdTU1RlRDWEhIU2xDLW1ldGFURFF1VUU1SC0ucG5n-.png,142_31_ITEM.png
144,41 ITEM,600,19,https://rnikashcrackers.com/storage/hcmj5vsicuGtZJdpiatejDx2RMSCWZ-metaQVR1bmVETjVDV1BYenBxU0pVdTU1RlRDWEhIU2xDLW1ldGFURFF1VUU1SC0ucG5n-.png,144_41_ITEM.png
156,Wire Chakkar,220,5,https://rnikashcrackers.com/storage/CLILG5gc8lGVg5RH1yPJtKdzZulUkU-metaNi0yICgxKS53ZWJw-.webp,156_Wire_Chakkar.webp
157,10 x 10 Sky Damaka,3400,20,https://rnikashcrackers.com/storage/IBWEAPbPhph66HkjrDaX7eqdR3pq90-metaSU1HLTIwMjMxMDEyLVdBMDAwNS5qcGc=-.jpg,157_10_x_10_Sky_Damaka.jpg
159,50 ITEM,800,19,https://rnikashcrackers.com/storage/wjA72iATubN3BMoQZe0lwLSBea87bS-metaaGNtajV2c2ljdUd0WkpkcGlhdGVqRHgyUk1TQ1daLW1ldGFRVlIxYm1WRVRqVkRWMUJZZW5CeFUwcFZkVFUxUmxSRFdFaElVMnhETFcxbGRHRlVSRkYxVlVVMVNDMHVjRzVuLS5wbmc=-.png,159_50_ITEM.png
163,Deluxe colour koti,300,4,https://rnikashcrackers.com/storage/FY778104FW0qakKXWXpCK9HoWP5gj4-metaU2NyZWVuc2hvdF8yMDI0LTA5LTA1LTE4LTUxLTI5LTMyXzk5YzA0ODE3YzBkZTU2NTIzOTdmYzhiNTZjM2IzODE3LmpwZw==-.jpg,163_Deluxe_colour_koti.jpg
164,New umbrella sparklers,200,18,https://rnikashcrackers.com/storage/1omhudHxKIJzXDgAGTuruRwqr7ejQO-metaSU1HLTIwMjQwOTE3LVdBMDAxMS5qcGVn-.jpg,164_New_umbrella_sparklers.jpg
177,"1"" fancy chotta",40,16,https://rnikashcrackers.com/storage/jW6U9Q4OsdUPpll5p9b0wY8uoTYMU9-metaMTcyNzg3MDI1OTgyNjQ1NzE0NTk3ODIzNzM2NjA1MDkuanBn-.jpg,177_1__fancy_chotta.jpg
178,5 laxmi,40,1,https://rnikashcrackers.com/storage/ftXuigEmkgci0EFGpp4PmJPwOJCKEo-metaMTcyNzg3MDUyMDQ4MTU0MzczODE4MjU2MjYzNjA5NjguanBn-.jpg,178_5_laxmi.jpg
180,Star rush,200,15,https://rnikashcrackers.com/storage/uFExbtwECkWGD11MwgYaW6W7jD74WA-metaMTAwMDE0NzE1MC5qcGc=-.jpg,180_Star_rush.jpg
183,Roll cap,70,13,https://rnikashcrackers.com/storage/8tC9issv31S6EtYE15VtnNWRQNKcKJ-metaMTAwMDE1MDIxMC5qcGc=-.jpg,183_Roll_cap.jpg
184,Pokemon match box,150,11,https://rnikashcrackers.com/storage/WfYqO0jC5Kji9gZSp0eDVSrzVZZDai-metaMTAwMDE1MDIxMy5qcGc=-.jpg,184_Pokemon_match_box.jpg
186,whistling rocket,200,7,https://rnikashcrackers.com/storage/Y9Dv0lXQoYPP8bnvGnj9VcjtxawjSX-metaMTAwMDE2MDE3Ny5qcGc=-.jpg,186_whistling_rocket.jpg
187,Jurassic bomb,220,9,https://rnikashcrackers.com/storage/ogyYfHQ3qEnxU4LtaPkmtSF4wOaade-metaSnVyYXNzaWMgYm9tYi5qZmlm-.jpg,187_Jurassic_bomb.jpg
188,DTS Digital Bomb,300,9,https://rnikashcrackers.com/storage/h4ZO2JqyQuATay8gbpMixsuUbH9KKd-metaRFRTIERpZ2l0YWwgQm9tYi5qZmlm-.jpg,188_DTS_Digital_Bomb.jpg
189,CANDY CRUSH,120,24,https://rnikashcrackers.com/storage/LObJ3nriDCPSJz4g7z7Buh44iv1XLk-metaQ0FORFkgQ1JVU0guamZpZg==-.jpg,189_CANDY_CRUSH.jpg
190,INSTA FLASH,160,24,https://rnikashcrackers.com/storage/lBX24YuWlqoZXwUiSrwQeeYXMEaEeP-metaSU5TVEEgRkxBU0guamZpZg==-.jpg,190_INSTA_FLASH.jpg
191,COLOUR SMOKE,160,24,https://rnikashcrackers.com/storage/P0nl7qVTn47KkK7kM1yuHOPdcgzZjH-metaQ09MT1VSIFNNT0tFLmpmaWY=-.jpg,191_COLOUR_SMOKE.jpg
192,ELECTRIC STONE,15,25,https://rnikashcrackers.com/storage/01A2n7Dh0Oc2SFCRgs6rGnCAaHE0pK-metaRUxFQ1RSSUMgU1RPTkUuamZpZg==-.jpg,192_ELECTRIC_STONE.jpg
193,ASSORTED CARTOONS,15,25,https://rnikashcrackers.com/storage/Tu0SHr6ttq8X2M81XX3jlLu9Od8RO3-metaQVNTT1JURUQgQ0FSVE9PTlMuamZpZg==-.jpg,193_ASSORTED_CARTOONS.jpg
194,ROLL CAP,80,25,https://rnikashcrackers.com/storage/uSGCbmenU7N1Fsen4dCNnRJEp1s57W-metaUk9MTCBDQVAuamZpZg==-.jpg,194_ROLL_CAP.jpg
195,KIT KAT,30,25,https://rnikashcrackers.com/storage/7SxlDGPCjywLpOd4CGaMJCEdafnHvR-metaS0lUIEtBVC5qZmlm-.jpg,195_KIT_KAT.jpg
196,SNAKE TABLE,50,25,https://rnikashcrackers.com/storage/iixOPDOWMz81FCm00G1GOK01S0JH7d-metaU05BS0UgVEFCTEUuamZpZg==-.jpg,196_SNAKE_TABLE.jpg
197,SUPER  DELUXE  MATCHES,80,26,https://rnikashcrackers.com/storage/cQn5qHKufxOb5HOMJThXoAk1q06Ax5-metaU1VQRVIgIERFTFVYRSAgTUFUQ0hFUy5qZmlm-.jpg,197_SUPER__DELUXE__MATCHES.jpg
198,POKEMAN MATCHES,150,26,https://rnikashcrackers.com/storage/8nmcWeKnAHYKMTrfZbvIY6yecBrr3y-metaUE9LRU1BTi5qZmlm-.jpg,198_POKEMAN_MATCHES.jpg
199,ANGRY BIRD  SERIES,190,15,https://rnikashcrackers.com/storage/tzwA2yQOSGSc54u85ikAlNmKcOVG4u-metaQU5HUlkgQklSRCAgU0VSSUVTLmpmaWY=-.jpg,199_ANGRY_BIRD__SERIES.jpg
200,WONDER 3in1,250,15,https://rnikashcrackers.com/storage/CAlnqRcVWz7qYyKolNGgNgAPLrqaiI-metaV09OREVSIDNpbjEuamZpZg==-.jpg,200_WONDER_3in1.jpg
201,STAR RUSH,60,15,https://rnikashcrackers.com/storage/ATlarYIWCVUtj3GpvfLc4KCDnazVoJ-metaU1RBUiBSVVNILmpmaWY=-.jpg,201_STAR_RUSH.jpg
202,I CONE,250,15,https://rnikashcrackers.com/storage/8LNl6zWfRMZ8pWiUXDmWmaTAKOLnhC-metaSSBDT05FLmpmaWY=-.jpg,202_I_CONE.jpg
204,LUCKY 2IN1,200,15,https://rnikashcrackers.com/storage/cp4SLuPisuhTSbIS4OQRtyPduR8SK1-metaTFVDS1kgMklOMS5qZmlm-.jpg,204_LUCKY_2IN1.jpg
205,SQUARD,150,15,https://rnikashcrackers.com/storage/yuA7StoLpybmhtGyV9irs9sBmYG4xh-metaMTIzLmpwZw==-.jpg,205_SQUARD.jpg
206,LOTUS 4*4,200,15,https://rnikashcrackers.com/storage/bFsOq0Iq5Qrtgmy0CZ8bkkhRZNTBM6-metaTG90dXMtV2hlZWwzcGNzLndlYnA=-.webp,206_LOTUS_4_4.webp
207,LOLLIPOP,150,15,https://rnikashcrackers.com/storage/QlxmGAEBBO9rmphoxOvwbBPhSLbvCC-metaTE9MTElQT1AuamZpZg==-.jpg,207_LOLLIPOP.jpg
208,BAT AND BALL,250,15,https://rnikashcrackers.com/storage/NakplF5vhoRwRnmz10BSGHvFFoYpE1-metaQkFUIEFORCBCQUxMLmpmaWY=-.jpg,208_BAT_AND_BALL.jpg
209,RED SUN,120,15,https://rnikashcrackers.com/storage/vO4wlTjkFqCbnkBNTfuHM7VIWo3wWq-metaUkVEIFNVTi5qZmlm-.jpg,209_RED_SUN.jpg
210,MISS BUTTERFLY,120,15,https://rnikashcrackers.com/storage/lnEF3H8LYDJL34z5W5GeDOvE7gDPa5-metaTUlTUyBCVVRURVJGTFkuamZpZg==-.jpg,210_MISS_BUTTERFLY.jpg
211,BLUE ICE,120,15,https://rnikashcrackers.com/storage/QefalFT8jjwhpux7YnmERXKIxkJPhd-metaQkxVRSBJQ0UuamZpZg==-.jpg,211_BLUE_ICE.jpg
212,GREEN GARDEN,120,15,https://rnikashcrackers.com/storage/gyDes8EZhuxVnCt1UcCoChIuuU6WDj-metaR1JFRU4gR0FSREVOLmpmaWY=-.jpg,212_GREEN_GARDEN.jpg
213,SUN FEAST  2IN1,200,15,https://rnikashcrackers.com/storage/1lGktYnsB4kbAH4rwmHxTnh6Tr8cQQ-metaU1VOIEZFQVNUICAySU4xLmpmaWY=-.jpg,213_SUN_FEAST__2IN1.jpg
214,GREEN  CRACKLING,200,15,https://rnikashcrackers.com/storage/6VokIfoiIHyh9gd2vBXR3DykMOs85q-metaR1JFRU4gIENSQUNLTElORy5qZmlm-.jpg,214_GREEN__CRACKLING.jpg
215,GOLD CRACKLING,200,15,https://rnikashcrackers.com/storage/zlnTE6VHQRYzBkdUNGBO7lLnHtpF7X-metaR09MRCBDUkFDS0xJTkcuamZpZg==-.jpg,215_GOLD_CRACKLING.jpg
216,SKY  WINGS,200,15,https://rnikashcrackers.com/storage/KqQwHOOaF3dlGpockN4nugnH3S7IJv-metaU0tZICBXSU5HUy5qZmlm-.jpg,216_SKY__WINGS.jpg
217,GOLDEN IGNOT,200,15,https://rnikashcrackers.com/storage/pda5Ubggl7n4HNg74FWdjjnDvcXpdy-metaR09MREVOIElHTk9ULmpmaWY=-.jpg,217_GOLDEN_IGNOT.jpg
218,MINI TRY COLOR,200,15,https://rnikashcrackers.com/storage/Oehhi6h7hg12HpyPIoXviZMh5NOkw5-metaTUlOSSBUUlkgQ09MT1IuamZpZg==-.jpg,218_MINI_TRY_COLOR.jpg
219,TRY COLOR,300,15,https://rnikashcrackers.com/storage/qYEca8q2HvAvE9ayWSAmy36eC3CjDX-metaVFJZIENPTE9SLmpmaWY=-.jpg,219_TRY_COLOR.jpg
220,BAMBARA,120,15,https://rnikashcrackers.com/storage/t4J3mkQdDgsXzS2DpLmzRxrFEHNMEB-metaQkFNQkFSQS5qZmlm-.jpg,220_BAMBARA.jpg
221,HELICOPTER,100,15,https://rnikashcrackers.com/storage/o1NfwofAt5byGqdWJqtLitQ31dFsyD-metaSEVMSUNPUFRFUi5qZmlm-.jpg,221_HELICOPTER.jpg
222,BUTTERFLY,80,15,https://rnikashcrackers.com/storage/6BxJljolFB3nC4nTA9eCan02BhASjC-metaQlVUVEVSRkxZLmpmaWY=-.jpg,222_BUTTERFLY.jpg
223,GOLD LINE,300,15,https://rnikashcrackers.com/storage/ESKzjWsoiebhXXTsOidLXM1A1PvWQI-metaR09MRCBMSU5FLmpmaWY=-.jpg,223_GOLD_LINE.jpg
224,GOLD STAR,150,15,https://rnikashcrackers.com/storage/aoxe7JSSePrh4ssofEKteOOWJ2kGlV-metaR09MRCBTVEFSLmpmaWY=-.jpg,224_GOLD_STAR.jpg
225,APPU FOUNTAIN,250,15,https://rnikashcrackers.com/storage/CZdP59SB0JQhStIe7kS2wog40rYxDl-metaQVBQVSBGT1VOVEFJTi5qZmlm-.jpg,225_APPU_FOUNTAIN.jpg
226,MINI SIREN,150,15,https://rnikashcrackers.com/storage/mvDTfANZ15Y7H7dNKzasxNc7bZy438-metaTUlOSSBTSVJFTi5qZmlm-.jpg,226_MINI_SIREN.jpg
228,MOUNT  EVEREST,520,27,https://rnikashcrackers.com/storage/2w2x8FPdGq9j9liGjOU2Vo4ZKkLmxg-metaTU9VTlQgIEVWRVJFU1QuamZpZg==-.jpg,228_MOUNT__EVEREST.jpg
229,SNEAKE  PEAK,520,27,https://rnikashcrackers.com/storage/918P0CK0m6CQv4RZgjwh8j4klT0A8T-metaU05FQUtFICBQRUFLLmpmaWY=-.jpg,229_SNEAKE__PEAK.jpg
230,GOOD  TIMES,520,27,https://rnikashcrackers.com/storage/AUqXR1sh3oi4L0kNYU142xQbKEWTBl-metaR09PRCAgVElNRVMuamZpZg==-.jpg,230_GOOD__TIMES.jpg
231,SPACE RACE,520,27,https://rnikashcrackers.com/storage/KfBPCHKVmekLusUAe1rc1kTFQkDxCV-metaU1BBQ0UgUkFDRS5qZmlm-.jpg,231_SPACE_RACE.jpg
232,MAST MAST,520,27,https://rnikashcrackers.com/storage/VP15kzlVapFAI5qQw4ClpgSO93G2cM-metaTUFTVCBNQVNULmpmaWY=-.jpg,232_MAST_MAST.jpg
233,TRIPLE BALL,250,28,https://rnikashcrackers.com/storage/85ZgsqaCdPKROLQA092wUbU384m8WB-metaVFJJUExFIEJBTEwuamZpZg==-.jpg,233_TRIPLE_BALL.jpg
234,GOLDEN ATTACK,400,29,https://rnikashcrackers.com/storage/rb40kUSDHXQn1rsLzMD9yliy3taDKx-metaR09MREVOIEFUVEFDSy5qZmlm-.jpg,234_GOLDEN_ATTACK.jpg
235,MERCURY,400,29,https://rnikashcrackers.com/storage/4f4rII81wbR5mPICd05WU52vtT0QLm-metaTUVSQ1VSWS5qZmlm-.jpg,235_MERCURY.jpg
236,PIN PEARL,400,29,https://rnikashcrackers.com/storage/wQmoxMS7oclaY1eZ1paa2XcynLXfyd-metaUElOIFBFQVJMLmpmaWY=-.jpg,236_PIN_PEARL.jpg
237,HOT KASMEER CHILLI,400,29,https://rnikashcrackers.com/storage/gmTH0hURkZnhy8e4PVBvgFsoryKK9x-metaY3JhY2tlcnMxLmpwZw==-.jpg,237_HOT_KASMEER_CHILLI.jpg
238,PEACOCK JAIL,400,29,https://rnikashcrackers.com/storage/kYYYIjIoOYkTB1NQ8QLp7CpSTsYWkW-metaUEVBQ09DSyBKQUlMLmpmaWY=-.jpg,238_PEACOCK_JAIL.jpg
239,PLAY BOY,400,29,https://rnikashcrackers.com/storage/53SnFdkVfDnJo1d2KVopNeLWB6FrgS-metaUExBWSBCT1kuamZpZg==-.jpg,239_PLAY_BOY.jpg
240,X MAN,400,29,https://rnikashcrackers.com/storage/oDFakA89yxgFNBT7lWdKDOb0Mzo9Oy-metaWCBNQU4uamZpZg==-.jpg,240_X_MAN.jpg
241,WEBSITE RAINBOW,400,29,https://rnikashcrackers.com/storage/qMNAcIyn46q4tNgMKGkWph7iBAQHOy-metaV0VCU0lURSBSQUlOQk9XLmpmaWY=-.jpg,241_WEBSITE_RAINBOW.jpg
242,OUTLOOK,400,29,https://rnikashcrackers.com/storage/Q4LPUKSikDDAkfLzorEdaFRrnYq7iP-metaT1VUTE9PSy5qZmlm-.jpg,242_OUTLOOK.jpg
243,NIRBHAY,620,30,https://rnikashcrackers.com/storage/ZbH6bXLopvsS0UEXGahGcS9J0nWgsX-metaTklSQkhBWS5qZmlm-.jpg,243_NIRBHAY.jpg
244,AGNI,620,30,https://rnikashcrackers.com/storage/52UcZTOApH0RbDhmDUUaaynGiNveag-metaQUdOSS5qZmlm-.jpg,244_AGNI.jpg
245,ASTRA,620,30,https://rnikashcrackers.com/storage/Dxj97UUw99A3BFBu3ltHECztF4LeGs-metaQVNUUkEuamZpZg==-.jpg,245_ASTRA.jpg
246,BRAHMOS,620,30,https://rnikashcrackers.com/storage/LYGOEeqwpe4Nj1yUkAlPfZKWndBhUc-metaQlJBSE1PUy5qZmlm-.jpg,246_BRAHMOS.jpg
247,HELINA,620,30,https://rnikashcrackers.com/storage/gGcN8iINo7HWjMyzgPX2ALonZ0AcLO-metaSEVMSU5BLmpmaWY=-.jpg,247_HELINA.jpg
248,PRITHVI,620,30,https://rnikashcrackers.com/storage/GmlqaFlnz4aZeIbpYa6aYQuu6SuYgO-metaUFJJVEhWSS5qZmlm-.jpg,248_PRITHVI.jpg
249,NAYAGARA  FALLS,450,31,https://rnikashcrackers.com/storage/8sX6gOTVRSSIJ0vAY7z0cSrDpt4LiJ-metaTkFZQUdBUkEgIEZBTExTIEFLICgzIFBDUykud2VicA==-.webp,249_NAYAGARA__FALLS.webp
250,MASTER CRACKLING,450,31,https://rnikashcrackers.com/storage/AovFhweMzNJvq2fjOVBDfffuT4aUTg-metaTUFTVEVSIENSQUNLTElORy5qZmlm-.jpg,250_MASTER_CRACKLING.jpg
251,BINGO BOOM,450,31,https://rnikashcrackers.com/storage/swtMWfFifWp86JYc0J3TWw7ESyri1T-metaQklOR08gQk9PTS5qZmlm-.jpg,251_BINGO_BOOM.jpg
252,BLUE PEARL,450,31,https://rnikashcrackers.com/storage/id5oD1NUysa4XGQlnO2uPTmUxJxomE-metaQkxVRSBQRUFSTC5qZmlm-.jpg,252_BLUE_PEARL.jpg
253,CRACKLING COLORS,850,32,https://rnikashcrackers.com/storage/PMgm4n0Z1nr9HD86w89sU4Xi8ni7vu-metaQ1JBQ0tMSU5HIENPTE9SUy5qZmlm-.jpg,253_CRACKLING_COLORS.jpg
254,NATIONAL  GEOGRAPHY,850,32,https://rnikashcrackers.com/storage/nYAcABQvCQ2v1rjOIT7V5VaTgczWZK-metaTkFUSU9OQUwgIEdFT0dSQVBIWS5qZmlm-.jpg,254_NATIONAL__GEOGRAPHY.jpg
255,CN CRACKLING,850,32,https://rnikashcrackers.com/storage/DL75lIWaDviAdp6VWWlxWJesDodymX-metaQ04gQ1JBQ0tMSU5HLmpmaWY=-.jpg,255_CN_CRACKLING.jpg
256,AXN CRACKLING,850,32,https://rnikashcrackers.com/storage/W8W6uOWQZRK5dUnBQIJ6ZkTV3T0ZBv-metaQVhOIENSQUNLTElORy5qZmlm-.jpg,256_AXN_CRACKLING.jpg
257,SONY MIX,850,32,https://rnikashcrackers.com/storage/i59mHpVstubbzKDx876q3O4bVivOCj-metaU09OWSBNSVguamZpZg==-.jpg,257_SONY_MIX.jpg
258,STAR SPORTS,850,32,https://rnikashcrackers.com/storage/qwb5FUDTnP88P1soTPV1yK3lGTJKV7-metaU1RBUiBTUE9SVFMuamZpZg==-.jpg,258_STAR_SPORTS.jpg
259,DURANDO,1050,33,https://rnikashcrackers.com/storage/byaGK0bwL7yqXkbvjMz3IE4OcRvhNN-metaRFVSQU5ETy5qZmlm-.jpg,259_DURANDO.jpg
260,RAJDHANI,1050,33,https://rnikashcrackers.com/storage/IueqyX8qjqRiEVUoR9Q5rpYZXLfiMB-metaUkFKREhBTkkuamZpZg==-.jpg,260_RAJDHANI.jpg
261,VANDE BHARATH,1050,33,https://rnikashcrackers.com/storage/k542akGJ9heBltcf8c5PnPneZsUInl-metaY3JhY2tlcnMxLmpwZw==-.jpg,261_VANDE_BHARATH.jpg
262,SHATABADI,1050,33,https://rnikashcrackers.com/storage/ZLqdnn87eXPunhg7ChTImXD35BLfgO-metaU0hBVEFCQURJLmpmaWY=-.jpg,262_SHATABADI.jpg
263,GADIMAAN,1050,33,https://rnikashcrackers.com/storage/QHu3U1cRWW4jGE0b9wD7nnlIF1LyAY-metaR0FESU1BQU4uamZpZg==-.jpg,263_GADIMAAN.jpg
264,7  COLOUR SHOTS,90,16,https://rnikashcrackers.com/storage/aEpAhc9HzIhSe5cV9eZ1PiDSu8tzEw-metaNyAgQ09MT1VSIFNIT1RTLmpmaWY=-.jpg,264_7__COLOUR_SHOTS.jpg
265,12 SHOT FANCY,150,16,https://rnikashcrackers.com/storage/L82f41dhTOjxfoGuGI0R8Ekh2vZzrQ-metaMTIgU0hPVCBGQU5DWS5qZmlm-.jpg,265_12_SHOT_FANCY.jpg
266,30  SHOTS  MULTI COLOR,400,16,https://rnikashcrackers.com/storage/NGiRYSTA1A4CLJW29NC6hGFBL4US3a-metaMzAgU0hPVFMuanBlZw==-.jpg,266_30__SHOTS__MULTI_COLOR.jpg
267,60  SHOTS  MULTI COLOR,800,16,https://rnikashcrackers.com/storage/bGK65EoQGCpZLHnPmEv1MJ9Y0PbFMg-metaNjAtU0hPVC1NVUxUSS1DT0xPVVItQlJBTkQtNjAt4K6a4K6+4K6f4K+NLeCuruCusuCvjeCun+Cuvy3grpXgrrLgrrDgr40tQlJBTkQuanBlZw==-.jpg,267_60__SHOTS__MULTI_COLOR.jpg
268,120  SHOTS  MULTI COLOR,1600,16,https://rnikashcrackers.com/storage/357WkgJ8oCofKOz077dVZtnY2hJ9E9-metaMTIwICBTSE9UUyAgTVVMVEkgQ09MT1IuamZpZg==-.jpg,268_120__SHOTS__MULTI_COLOR.jpg
269,240  SHOTS  MULTI COLOR,3200,16,https://rnikashcrackers.com/storage/54nPW6HISQYlIHkPiJyniqjm7IZVcp-metaMjQwICBTSE9UUyAgTVVMVEkgQ09MT1IuamZpZg==-.jpg,269_240__SHOTS__MULTI_COLOR.jpg
270,10 Cm  RED  Sparkle,28,18,https://rnikashcrackers.com/storage/pNweShRYo5vevQah47zA9PhgEH52le-metaMTAgQ20gIFJFRCAgU3BhcmtsZS5wbmc=-.png,270_10_Cm__RED__Sparkle.png
271,12 Cm ELECTRIC  Sparkle,24,18,https://rnikashcrackers.com/storage/JnhA8PkNAVhFGRUCL6K8rTtJJbeFos-metaMTIgQ20gRUxFQ1RSSUMgIFNwYXJrbGUuamZpZg==-.jpg,271_12_Cm_ELECTRIC__Sparkle.jpg
272,12 Cm COLOR   Sparkle,27,18,https://rnikashcrackers.com/storage/tmaW4VXowHC9V0js11V3ljmytjgfJB-metaMTIgQ20gQ09MT1IgICBTcGFya2xlLnBuZw==-.png,272_12_Cm_COLOR___Sparkle.png
273,12 Cm  GREEN Sparkle,28,18,https://rnikashcrackers.com/storage/pXpkaPR7CewsZJ8V7hcrUg4blNsRJP-metaMTIgQ20gIEdSRUVOIFNwYXJrbGUucG5n-.png,273_12_Cm__GREEN_Sparkle.png
274,12 Cm  RED Sparkle,30,18,https://rnikashcrackers.com/storage/eyn3fAbv2FpBk6pVS5VvXbf2juPCd1-metaMTIgQ20gIFJFRCBTcGFya2xlLmpmaWY=-.jpg,274_12_Cm__RED_Sparkle.jpg
275,15  Cm  RED Sparkle,50,18,https://rnikashcrackers.com/storage/BWKkee7B3g1uTaQh4577dw5RRcg8lC-metaMTUgIENtICBSRUQgU3BhcmtsZS5qZmlm-.jpg,275_15__Cm__RED_Sparkle.jpg
276,DANCING UBERLLA,250,18,https://rnikashcrackers.com/storage/LpZGHlnseuwc5SmhslvDLXL4c21PPD-metaREFOQ0lORyBVQkVSTExBLmpmaWY=-.jpg,276_DANCING_UBERLLA.jpg
280,cylinder bomb,250,15,https://rnikashcrackers.com/storage/kM1wQdn1g8FMIv56QdBjLfQk9fmqpE-metaSU1HMjAyNTA5MTAxNTM0MjMuanBn-.jpg,280_cylinder_bomb.jpg
281,Anuman kadayutham,220,20,https://rnikashcrackers.com/storage/6XpNJctr7GdvHJ3YZAuHyiRosv2rHT-metaNDU4MTg5OTk0XzUwODgyNTc0ODUxNjQ0OV83MzUzNDAyMjM4MzY1NzAyNzczX24uanBn-.jpg,281_Anuman_kadayutham.jpg
282,mega siren,200,15,https://rnikashcrackers.com/storage/ZM47DrMsvbz4tUDoXtbc4MVA4paJzY-metaNDU4MTg5OTk0XzUwODgyNTc0ODUxNjQ0OV83MzUzNDAyMjM4MzY1NzAyNzczX24uanBn-.jpg,282_mega_siren.jpg
283,bada peacock,400,15,https://rnikashcrackers.com/storage/kGbkaX0heLTpNSc2d7COjJA2QjDHHh-metaNDU4MTg5OTk0XzUwODgyNTc0ODUxNjQ0OV83MzUzNDAyMjM4MzY1NzAyNzczX24uanBn-.jpg,283_bada_peacock.jpg
284,money bank,220,15,https://rnikashcrackers.com/storage/3V4uiuUSy80nSF3L6AlwFaqXHtlV48-metaNDU4MTg5OTk0XzUwODgyNTc0ODUxNjQ0OV83MzUzNDAyMjM4MzY1NzAyNzczX24uanBn-.jpg,284_money_bank.jpg
285,magic lar,100,15,https://rnikashcrackers.com/storage/quwfQT6iWPj63F4xc4DqVIXSllJg2I-metaNDU4MTg5OTk0XzUwODgyNTc0ODUxNjQ0OV83MzUzNDAyMjM4MzY1NzAyNzczX24uanBn-.jpg,285_magic_lar.jpg
286,drone,200,15,https://rnikashcrackers.com/storage/A1lXAcF6TntI8yzfsjvchdy5Ip5CML-metaNDU4MTg5OTk0XzUwODgyNTc0ODUxNjQ0OV83MzUzNDAyMjM4MzY1NzAyNzczX24uanBn-.jpg,286_drone.jpg
287,15 smoke shot,450,15,https://rnikashcrackers.com/storage/lGtve5ysXTZMFCkYBblHtU3GGyipBD-metaNDU4MTg5OTk0XzUwODgyNTc0ODUxNjQ0OV83MzUzNDAyMjM4MzY1NzAyNzczX24uanBn-.jpg,287_15_smoke_shot.jpg
288,tin bear,90,15,https://rnikashcrackers.com/storage/acxLaKxPxp5vNQqqoHJQXmFE5u8fdJ-metaSU1HMjAyMzEyMjgyMTMwMzEuanBn-.jpg,288_tin_bear.jpg
289,fether pops,120,15,https://rnikashcrackers.com/storage/SEFZdvDAJrtnfDLnqtswwaCv8ks0I6-metaSU1HMjAyNTA5MTAxNTM0MzYuanBn-.jpg,289_fether_pops.jpg
290,new umperla sparks,200,18,https://rnikashcrackers.com/storage/JIWuAMnU4MPXOGpK4pWDS5j0crYIsB-metaMTc1ODAwNzI0OTA5MjYyODQzNDE3OTk3MjU3ODI2MDIuanBn-.jpg,290_new_umperla_sparks.jpg
291,power of thor,250,15,https://rnikashcrackers.com/storage/Qi21CYkK40zvM7gUw7pQI7MsHJPT0Q-metaNDU4MTg5OTk0XzUwODgyNTc0ODUxNjQ0OV83MzUzNDAyMjM4MzY1NzAyNzczX24uanBn-.jpg,291_power_of_thor.jpg
292,hydro bomb,70,9,https://rnikashcrackers.com/storage/YiqJbdpttOHSfOVrtHusukoOeACmue-metaNDU4MTg5OTk0XzUwODgyNTc0ODUxNjQ0OV83MzUzNDAyMjM4MzY1NzAyNzczX24uanBn-.jpg,292_hydro_bomb.jpg
293,crack jack,250,15,https://rnikashcrackers.com/storage/buZtlSM17z83VeSITZC1hbZiInUJXG-metaNDU4MTg5OTk0XzUwODgyNTc0ODUxNjQ0OV83MzUzNDAyMjM4MzY1NzAyNzczX24uanBn-.jpg,293_crack_jack.jpg
294,15 shot,300,16,https://rnikashcrackers.com/storage/GFtUoX0vioL6vWkPezgapwLULS5vzX-metaNDU4MTg5OTk0XzUwODgyNTc0ODUxNjQ0OV83MzUzNDAyMjM4MzY1NzAyNzczX24uanBn-.jpg,294_15_shot.jpg
